{
  "best_model": "logistic_regression",
  "selection_metric": "roc_auc",
  "baseline": {
    "accuracy": 0.72,
    "precision": 0.6643835616438356,
    "recall": 0.60625,
    "f1": 0.6339869281045751,
    "roc_auc": 0.794609375
  },
  "improved": {
    "accuracy": 0.7275,
    "precision": 0.6758620689655173,
    "recall": 0.6125,
    "f1": 0.6426229508196721,
    "roc_auc": 0.7764843749999999
  },
  "selected_metrics": {
    "accuracy": 0.72,
    "precision": 0.6643835616438356,
    "recall": 0.60625,
    "f1": 0.6339869281045751,
    "roc_auc": 0.794609375
  }
}