experiment_id,dataset,seed,model_summary,optimizer,lr,momentum,weight_decay,epochs_trained,best_val_accuracy,best_val_loss
E1,EMNIST,42,"Hidden:[512, 256], DO:0.0, BN:False",Adam,0.001,0.0,0.0,20,83.99379432624113,0.49326507085604027
E2,EMNIST,42,"Hidden:[512, 256], DO:0.3, BN:False",Adam,0.001,0.0,0.0,20,84.7872340425532,0.4614705569777928
E3,EMNIST,42,"Hidden:[512, 256], DO:0.0, BN:True",Adam,0.001,0.0,0.0,20,85.19503546099291,0.44356080061155007
E4,EMNIST,42,"Hidden:[512, 256], DO:0.0, BN:True",Adam,0.001,0.0,0.0,14,85.2482269503546,0.4480529206864377
O1,EMNIST,42,"Hidden:[512, 256], DO:0.0, BN:True",Adam,0.1,0.0,0.0,8,81.62234042553192,0.5969917811400501
O2,EMNIST,42,"Hidden:[512, 256], DO:0.0, BN:True",Adam,1e-05,0.0,0.0,8,73.2668439716312,1.1064598004023234
O3,EMNIST,42,"Hidden:[512, 256], DO:0.0, BN:True",SGD,0.01,0.9,0.0001,15,85.3767730496454,0.44829775014667644
